count,start_station_id,start_station_name,start_station_longitude,start_station_latitude
1,3250,NYCBS Depot - PIT,-73.98383796215057,40.71690978045965
1,428,E 3 St & 1 Ave,-73.98783413,40.72467721
2,3036,8D OPS 01,-73.99972200393677,40.662907768316856
3,3040,Handlebar @ Gowanus,-73.99497985839844,40.66979964220026
3,3488,8D QC Station 01,-73.5694634914398,45.506364054011385
3,3672,Apache,-73.99474382400513,40.66976709185003
5,3487,Prototype Lab Motivate Headquarters,-74.00849282741547,40.65659567482039
5,3594,Montgomery St & Franklin Ave OLD,-73.9593484,40.6661649
6,3245,NYCBS DEPOT - DELANCEY,-73.9823305606842,40.71644423134479
7,3040,GOW Tech Shop,-73.99497985839844,40.66979964220026
28,3426,JCBS Depot,-74.06860113143921,40.70965083364061
32,3485,NYCBS Depot - RIS,-73.974724,40.725208
62,3395,Henry St & W 9 St,-74.00324957,40.6763744
62,3720,Wyckoff St & Bond St,-73.98721285164356,40.68461653897949
69,3650,8D Mobile 01,-73.56890559196472,45.50626419100119
71,3685,Prospect Park - 5 Year Anniversary Celebration,-73.9645904302597,40.66065236872916
73,3240,NYCBS Depot BAL - DYR,-73.99385869503021,40.759030082196055
91,3683,Smart Cities Conference,-73.98453533649443,40.71015471094912
92,3669,Henry St & W 9 St (OLD),-74.00314047932625,40.67630357634183
124,3239,Bressler,-74.01658773422241,40.64653836709648
138,3716,40 Ave & Crescent St,-73.93795609474182,40.753599202005596
162,3395,Henry St & W 9 St [old],-74.00324957,40.6763744
222,3719,S Portland Ave & Atlantic Ave,-73.9738118648529,40.68322254161595
236,3721,31 St & Newtown Ave,-73.9209334552288,40.7675487799971
265,3704,47 Ave & Skillman Ave,-73.94176483154297,40.7437524099784
266,3642,E 98 St & Lexington Ave,-73.95012259483337,40.78728519860952
297,3468,NYCBS Depot - STY - Garage 4,-73.9747502,40.7303801
716,3238,E 80 St & 2 Ave,-73.9543953537941,40.77391390238118
810,3191,Union St,-74.0836394,40.7182113
810,3694,Jackson Square,-74.0789,40.71113
896,3333,Columbia St & Lorraine St,-74.0075572,40.6747055
907,3432,NYCBS Depot - GOW,-73.99463653564453,40.66906013501107
965,3714,Division Av & Hooper St,-73.9544353965357,40.70684203101325
1044,3791,Hoboken Ave at Monmouth St,-74.04696375131607,40.73520838045357
1059,3201,Dey St,-74.066921,40.737711
1140,3512,27 Ave & 4 St,-73.9337894,40.7747175
1155,3325,E 95 St & 3 Ave,-73.950503,40.7849032
1245,3620,11 St & 43 Ave,-73.9479119,40.7519071
1271,3567,11 St & 35 Ave,-73.9391141,40.7627442
1403,2005,Railroad Ave & Kay Ave,-73.97100056,40.70531194
1478,3559,21 St & 38 Ave,-73.9391224,40.7576314
1501,3564,21 St & 36 Ave,-73.9362726,40.7601853
1513,3277,Communipaw & Berry Lane,-74.06661093235016,40.71435836870427
1515,3700,E 87 St & 3 Ave,-73.95333588123322,40.77940608529787
1538,3596,Sullivan Pl & Bedford Ave,-73.9574686,40.6642406
1607,253,W 13 St & 5 Ave -moved to 5947.04,-73.99453948,40.73543934
1659,3557,40 Ave & 9 St,-73.945133,40.75742
1670,3586,34 Ave & 13 St,-73.9364848,40.7638753
1794,3644,Van Dyke St & Van Brunt St,-74.01488184928894,40.67581622522832
1818,3196,Riverview Park,-74.0439909,40.7443187
1825,3677,Glenwood Ave,-74.07106071710587,40.72755146730012
1899,3590,Carroll St & Franklin Ave,-73.9588,40.6679411
1919,3394,Columbia St & W 9 St,-74.00647134,40.6769993
1927,3625,28 St & 40 Ave,-73.9364281,40.7525758
1966,3281,Leonard Gordon Park,-74.0572714805603,40.74590996631558
1991,3718,E 11 St & Avenue B,-73.97950418293476,40.72746420692392
2021,3692,5 St & Market St,-73.97440128028393,40.699997484388504
2047,3212,Christ Hospital,-74.050443636,40.734785818
2109,3669,Henry St & W 9 St,-74.00314047932625,40.67630357634183
2127,3661,Montgomery St & Franklin Ave,-73.9605563879013,40.666439306870814
2139,3631,Crown St & Bedford Ave,-73.956741,40.666563
2144,3220,5 Corners Library,-74.0595030784607,40.734961020009514
2175,3492,E 118 St & Park Ave,-73.9419949,40.8005385
2222,3198,Heights Elevator,-74.04044330120087,40.748715945380226
2304,3647,48 Ave & 30 Pl,-73.93725872039794,40.74128309355993
2365,2001,Sands St & Navy St,-73.979927,40.699773
2392,3206,Hilltop,-74.0575736,40.7311689
2445,3268,Lafayette Park,-74.06285852193832,40.71346382669195
2452,3044,Albany Ave & Fulton St,-73.938475,40.6800105
2455,3330,Henry St & Bay St,-74.00494695,40.6725058
2474,3601,Sterling St & Bedford Ave,-73.9569115,40.6627059
2487,3621,27 Ave & 9 St,-73.9309134,40.7739825
2489,3525,23 Ave & 27 St,-73.9153175,40.776165
2518,433,old - E 13 St & Avenue A,-73.98057249,40.72955361
2519,NULL,NULL,-73.923,40.845
2519,NULL,NULL,-73.92,40.848
2519,NULL,NULL,-73.917,40.848
2519,NULL,NULL,-73.917,40.851
2519,NULL,NULL,-73.914,40.845
2519,NULL,NULL,-73.914,40.848
2519,NULL,NULL,-73.914,40.851
2519,NULL,NULL,-73.911,40.845
2519,NULL,NULL,-73.911,40.848
2519,NULL,NULL,-73.911,40.851
2519,NULL,NULL,-73.911,40.854
2519,NULL,NULL,-73.911,40.857
2519,NULL,NULL,-73.908,40.845
2519,NULL,NULL,-73.908,40.848
2519,NULL,NULL,-73.908,40.851
2519,NULL,NULL,-73.908,40.854
2519,NULL,NULL,-73.908,40.857
2519,NULL,NULL,-73.908,40.86
2519,NULL,NULL,-73.905,40.845
2519,NULL,NULL,-73.905,40.848
2519,NULL,NULL,-73.905,40.851
2519,NULL,NULL,-73.905,40.854
2519,NULL,NULL,-73.905,40.857
2519,NULL,NULL,-73.905,40.86
2519,NULL,NULL,-73.905,40.863
2519,NULL,NULL,-73.902,40.845
2519,NULL,NULL,-73.902,40.848
2519,NULL,NULL,-73.902,40.851
2519,NULL,NULL,-73.902,40.854
2519,NULL,NULL,-73.902,40.857
2519,NULL,NULL,-73.902,40.86
2519,NULL,NULL,-73.902,40.863
2519,NULL,NULL,-73.902,40.866
2519,NULL,NULL,-73.902,40.869
2519,NULL,NULL,-73.899,40.845
2519,NULL,NULL,-73.899,40.848
2519,NULL,NULL,-73.899,40.851
2519,NULL,NULL,-73.899,40.854
2519,NULL,NULL,-73.899,40.857
2519,NULL,NULL,-73.899,40.86
2519,NULL,NULL,-73.899,40.863
2519,NULL,NULL,-73.899,40.866
2519,NULL,NULL,-73.899,40.869
2519,NULL,NULL,-73.896,40.845
2519,NULL,NULL,-73.896,40.848
2519,NULL,NULL,-73.896,40.851
2519,NULL,NULL,-73.896,40.854
2519,NULL,NULL,-73.896,40.857
2519,NULL,NULL,-73.896,40.86
2519,NULL,NULL,-73.896,40.863
2519,NULL,NULL,-73.896,40.866
2519,NULL,NULL,-73.896,40.869
2519,NULL,NULL,-73.893,40.845
2519,NULL,NULL,-73.893,40.848
2519,NULL,NULL,-73.893,40.851
2519,NULL,NULL,-73.893,40.854
2519,NULL,NULL,-73.893,40.857
2519,NULL,NULL,-73.893,40.86
2519,NULL,NULL,-73.893,40.863
2519,NULL,NULL,-73.893,40.866
2519,NULL,NULL,-73.89,40.842
2519,NULL,NULL,-73.89,40.845
2519,NULL,NULL,-73.89,40.848
2519,NULL,NULL,-73.89,40.851
2519,NULL,NULL,-73.89,40.854
2519,NULL,NULL,-73.89,40.857
2519,NULL,NULL,-73.89,40.86
2519,NULL,NULL,-73.89,40.863
2519,NULL,NULL,-73.887,40.839
2519,NULL,NULL,-73.887,40.842
2519,NULL,NULL,-73.887,40.845
2519,NULL,NULL,-73.887,40.848
2519,NULL,NULL,-73.887,40.851
2519,NULL,NULL,-73.887,40.854
2519,NULL,NULL,-73.887,40.857
2519,NULL,NULL,-73.887,40.86
2519,NULL,NULL,-73.887,40.863
2519,NULL,NULL,-73.887,40.866
2519,NULL,NULL,-73.884,40.839
2519,NULL,NULL,-73.884,40.842
2519,NULL,NULL,-73.884,40.845
2519,NULL,NULL,-73.884,40.848
2519,NULL,NULL,-73.884,40.851
2519,NULL,NULL,-73.884,40.854
2519,NULL,NULL,-73.884,40.857
2519,NULL,NULL,-73.884,40.86
2519,NULL,NULL,-73.884,40.863
2519,NULL,NULL,-73.884,40.866
2519,NULL,NULL,-73.881,40.839
2519,NULL,NULL,-73.881,40.842
2519,NULL,NULL,-73.881,40.845
2519,NULL,NULL,-73.881,40.848
2519,NULL,NULL,-73.881,40.851
2519,NULL,NULL,-73.881,40.854
2519,NULL,NULL,-73.881,40.857
2519,NULL,NULL,-73.881,40.86
2519,NULL,NULL,-73.881,40.863
2519,NULL,NULL,-73.878,40.839
2519,NULL,NULL,-73.878,40.842
2519,NULL,NULL,-73.878,40.845
2542,3477,39 St & 2 Ave - Citi Bike HQ at Industry City,-74.01062786579132,40.65539977447831
2589,3612,30 Ave & 21 St,-73.9286078,40.7703743
2601,3691,28 Ave & 44 St,-73.91065120697021,40.76408932350688
2605,3193,Lincoln Park,-74.07840594649315,40.7246050998869
2681,449,W 52 St & 9 Ave,-73.98789473,40.76461837
2686,3679,Bergen Ave,-74.07145500183105,40.722103786686034
2703,3646,35 Ave & 10 St,-73.93985509872437,40.76315481910373
2729,3326,Clinton St & Centre St,-74.00194698,40.67434
2741,3340,Wolcott St & Dwight St,-74.0100698,40.6753274
2754,3337,Dwight St & Van Dyke St,-74.01195555925369,40.67363551341504
2840,3678,Fairmount Ave,-74.07195925712585,40.72572613742557
2872,3585,Union St & Bedford Ave,-73.9554162,40.6691783
2918,3481,York St,-74.04105,40.71649
2999,430,York St & Jay St,-73.98656928,40.7014851
3022,3513,21 St & Hoyt Ave S,-73.923706,40.774645
3026,3587,Carroll St & Washington Ave,-73.9618148,40.6686744
3076,3505,Lexington Ave & E 127 St,-73.936322,40.805726
3163,3280,Astor Place,-74.07126188278198,40.71928220070702
3180,3128,21 St & 43 Ave,-73.94594845,40.75052534
3203,3073,Division Ave & Hooper St,-73.95441667,40.70691254
3233,3103,N 11 St & Wythe Ave,-73.95782357,40.72153267
3242,3342,Pioneer St & Richards St,-74.0094613,40.6777748
3292,3061,Throop Ave & Myrtle Ave,-73.94371094,40.69622937
3322,3554,Vernon Blvd & 41 Rd,-73.9485678,40.7552433
3372,152,Warren St & Church St,-74.00910627,40.71473993
3379,3393,Richards St & Delavan St,-74.00785041,40.6794327
3383,3546,Pacific St & Classon Ave,-73.9587903,40.6791944
3415,3225,Baldwin at Montgomery,-74.0641943,40.7236589
3428,3566,Crescent St & 35 Ave,-73.9321455,40.7596276
3436,3506,Lexington Ave & E 120 St,-73.9398167,40.8013066
3438,119,Park Ave & St Edwards St,-73.97803415,40.69608941
3450,3352,Sigourney St & Columbia St,-74.0087952464819,40.67267243410948
3518,3483,Montgomery St,-74.05099,40.71942
3580,3455,Schermerhorn St & 3 Ave,-73.98036181926727,40.68680820503432
3594,3573,35 St & 34 Ave,-73.9242751,40.7580583
3600,3607,31 Ave & 14 St,-73.9322662,40.7682
3604,3456,Jackson St & Leonard St,-73.94821286201477,40.71638031973561
3637,3654,31 St & Northern Blvd,-73.93349289894103,40.75186951421875
3665,3043,Lewis Ave & Decatur St,-73.934903,40.6814598
3687,3715,Driggs Ave & N 9 St,-73.95520135760307,40.71816969454208
3740,3503,Madison Ave & E 120 St,-73.942954,40.80295
3794,3522,37 St & 24 Ave,-73.9120938,40.7701477
3798,3523,24 Ave & 29 St,-73.916142,40.7729
3814,3299,E 98 St & Park Ave,-73.95206,40.78813
3817,3543,Morningside Dr & Amsterdam Ave,-73.95736455917358,40.81028506306003
3818,3608,5 St & 51 Ave,-73.9566,40.7423737
3829,3577,34 Ave & 21 St,-73.9342862,40.7628138
3855,3609,Vernon Blvd & 31 Ave,-73.9354504,40.7692475
3858,3075,Division Ave & Marcy Ave,-73.95796783,40.70708701
3878,3127,9 St & 44 Rd,-73.9521,40.74966
3884,3561,37 Ave & 35 St,-73.9279917,40.7531106
3941,3589,Broadway & 12 St,-73.9347774,40.7668
3946,3059,Pulaski St & Marcus Garvey Blvd,-73.939877,40.6933982
3947,3392,Commerce St & Van Brunt St,-74.00860912,40.6812117
3972,3598,Newton Rd & 44 St,-73.9142678,40.7595701
3980,3327,3 Ave & E 100 St,-73.94728331,40.7877214
3983,3630,Frederick Douglass Blvd & W 115 St,-73.9559308,40.8038654
4002,3207,Oakland Ave,-74.0524783,40.7376037
4005,3565,36 Ave & 10 St,-73.9411265,40.7614376
4008,3179,Park Ave & Marcus Garvey Blvd,-73.941342,40.698617
4037,3551,3 Ave & E 112 St,-73.941606,40.795508
4044,3210,Pershing Field,-74.051788633,40.742677141
4044,3582,Lincoln Pl & Classon Ave,-73.9609,40.6721683
4080,3527,5 Ave & E 126 St,-73.941747,40.80698
4114,3499,2 Ave & E 122 St,-73.9349,40.8006721
4168,3498,Pleasant Ave & E 120 St,-73.9311847,40.7974772
4173,3606,49 Ave & 21 St,-73.948852,40.74252
4184,3221,47 Ave & 31 St,-73.93561,40.743
4311,3649,W 129 St & Convent Ave,-73.95324736833572,40.814394437915816
4361,3065,Union Ave & Wallabout St,-73.95032283,40.70029511
4384,3563,28 St & 36 Ave,-73.932719,40.757186
4395,3421,Hoyt St & Warren St,-73.98901629,40.6843549
4400,3063,Nostrand Ave & Myrtle Ave,-73.95238108,40.69527008
4417,3500,E 115 St & Madison Ave,-73.944846,40.7989445
4459,3123,31 St & Thomson Ave,-73.93540375,40.74469738
4466,3495,E 114 St & 1 Ave,-73.9362541,40.7945663
4469,3490,E 116 St & 2 Ave,-73.937261,40.796879
4469,3528,Steinway St & 23 Ave,-73.9077436,40.7713937
4475,3154,E 77 St & 3 Ave,-73.95856158,40.77314236
4489,3575,Crescent St & 34 Ave,-73.930562,40.76108
4507,3401,2 Ave & 9 St,-73.99331394,40.6724811
4523,3515,24 Ave & 26 St,-73.918544,40.774591
4527,3530,Crescent St & Ditmars Blvd,-73.9145645,40.7787185
4564,3604,Rogers Ave & Sterling St,-73.9538746,40.6630619
4629,3316,W 104 St & Amsterdam Ave - 1,-73.9662173778,40.7989937
4632,3053,Marcy Ave & Lafayette Ave,-73.947915,40.6900815
4765,3441,10 Hudson Yards,-74.00264,40.752957
4773,3122,48 Ave & 5 St,-73.9558732509613,40.744363287066875
4775,3712,W 35 St & Dyer Ave,-73.99740189313889,40.754691750226016
4798,3622,E 128 St & Madison Ave,-73.939182,40.80756
4853,3501,E 118 St & Madison Ave,-73.9442507,40.8014866
4944,3048,Putnam Ave & Nostrand Ave,-73.94977,40.68402
4960,3560,28 St & 38 Ave,-73.934326,40.754876
4996,3069,Lorimer St & Broadway,-73.94818595,40.70411791
5016,3322,12 St & 4 Ave,-73.9904394,40.668603
5023,3214,Essex Light Rail,-74.0364857,40.7127742
5027,3309,E 97 St & 3 Ave,-73.94860294,40.7859201
5054,3391,E 106 St & 1 Ave,-73.93956237,40.7892529
5126,3681,Grand St,-74.03768330812454,40.71517767732029
5142,3619,Newtown Ave & 23 St,-73.9246145,40.7713615
5195,3183,Exchange Place,-74.0334588,40.7162469
5227,3072,Leonard St & Boerum St,-73.94644578,40.70583339
5250,3091,Frost St & Meeker St,-73.94882,40.71764
5257,3070,McKibbin St & Manhattan Ave,-73.94407279,40.70510918
5294,3046,Marcus Garvey Blvd & Macon St,-73.938037,40.682601
5364,3616,Steinway St & 28 Ave,-73.9136695,40.7656251
5401,3493,E 118 St & 3 Ave,-73.9389152,40.799139
5415,3348,Coffey St & Conover St,-74.015665,40.677236
5424,3617,28 Ave & 35 St,-73.9169858,40.7671
5430,3066,Tompkins Ave & Hopkins St,-73.94708417,40.69957608
5431,3524,19 St & 24 Ave,-73.9225403,40.7774552
5448,3618,27 St & Hunter St,-73.941275,40.7485
5449,3504,E 123 St & Lexington Ave,-73.9379,40.8029263
5464,3060,Willoughby Ave & Tompkins Ave,-73.94626915,40.69425403
5539,3279,Dixon Mills,-74.04996782541275,40.721630142638354
5553,3514,Astoria Park S & Shore Blvd,-73.927631,40.7767
5560,3614,Crescent St & 30 Ave,-73.9249574,40.768692
5585,3205,JC Medical Center,-74.0496379137039,40.71653978099194
5592,3531,Frederick Douglass Blvd & W 129 St,-73.9492286,40.8125511
5613,3588,Vernon Blvd & 10 St,-73.9373554,40.7671863
5683,3511,Adam Clayton Powell Blvd & W 115 St,-73.9532423,40.802535
5703,3595,35 St & Broadway,-73.9222427,40.760339
5737,3643,E 41 St & 5 Ave,-73.98123621940613,40.75272201381188
5739,3653,31 St & 35 Ave,-73.92832159996033,40.75820464696758
5754,373,Willoughby Ave & Walworth St,-73.95381995,40.69331716
5760,3568,34 St & 35 Ave,-73.9262231,40.7569332
5782,3194,McGinley Square,-74.06762212514877,40.7253399253558
5788,3556,24 St & 41 Ave,-73.9397405,40.7527085
5790,3603,31 Ave & 30 St,-73.9240312,40.7647
5806,3494,E 115 St & Lexington Ave,-73.9423,40.797911
5824,3120,Center Blvd & Borden Ave,-73.96044,40.74161
5833,3491,E 118 St & 1 Ave,-73.93504,40.79747
5901,3520,Adam Clayton Powell Blvd & W 118 St,-73.951475,40.804372
5919,3273,Manila & 1st,-74.04288411140442,40.721650724879986
5929,3121,Jackson Ave & 46 Rd,-73.94733276,40.74524768
5943,3056,Kosciuszko St & Nostrand Ave,-73.95133465,40.69072549
5950,3662,31 Ave & Steinway St,-73.916916847229,40.761293897289086
5953,3054,Greene Ave & Throop Ave,-73.942061,40.6894932
5977,3479,Picnic Point,-74.02535319328308,40.68512559515415
6007,3792,Columbus Dr at Exchange Pl,-74.03281,40.71687
6018,443,Bedford Ave & S 9 St,-73.96408963,40.70853074
6035,3591,21 St & 31 Dr,-73.930819,40.7659
6046,3605,31 Ave & Crescent St,-73.9265474,40.7658346
6059,3597,43 St & Broadway,-73.9166368,40.7577284
6073,3689,W 104 St & Amsterdam Ave,-73.96649479866028,40.799041392882984
6084,3693,N 11 St & Kent Ave,-73.95921930670738,40.72248188638219
6133,3629,Adam Clayton Powell Blvd & W 126 St,-73.94776493310928,40.809495347779475
6138,3545,Broadway & W 122 St,-73.9612547,40.8120562
6168,3424,E 106 St & Lexington Ave,-73.945993,40.791976
6169,3041,Kingston Ave & Herkimer St,-73.94142771,40.67890679
6236,3387,E 106 St & Madison Ave,-73.94945003,40.7934337
6283,3371,4 Ave & 2 St,-73.98501142859459,40.674613422475815
6284,3517,31 St & Hoyt Ave N,-73.9170074,40.7711528
6303,3449,Eckford St & Engert Ave,-73.94800901412964,40.721462562298164
6382,3058,Lewis Ave & Kosciuszko St,-73.93705428,40.69237074
6419,3578,Park Pl & Franklin Ave,-73.9564947,40.6741806
6430,3570,35 Ave & 37 St,-73.9236611,40.7557327
6467,3399,7 St & 3 Ave,-73.98983001708984,40.67260298150126
6478,3055,Greene Ave & Nostrand Ave,-73.950916,40.6883337
6498,3390,E 109 St & 3 Ave,-73.9432083,40.79329668
6499,3062,Myrtle Ave & Marcy Ave,-73.94954908,40.69539817
6510,372,Franklin Ave & Myrtle Ave,-73.95801365375519,40.694546087246025
6514,3541,Amsterdam Ave & W 125 St,-73.956461,40.813358
6546,3532,Ditmars Blvd & 19 St,-73.9183302,40.78145
6553,3302,Columbus Ave & W 103 St,-73.9643412291,40.7969347
6574,3347,Van Brunt St & Wolcott St,-74.01275056,40.6773429
6615,3071,Boerum St & Broadway,-73.94976519,40.70538077
6621,3324,3 Ave & 14 St,-73.99333264,40.6685455
6662,3381,3 St & Hoyt St,-73.99364123,40.6777287
6677,3278,Monmouth and 6th,-74.04879033565521,40.72568548362901
6679,3540,Morningside Ave & W 123 St,-73.9551508,40.81
6682,3640,Journal Square,-74.0625,40.73367
6730,3042,Fulton St & Utica Ave,-73.9298911,40.6794268
6745,3144,E 81 St & Park Ave,-73.9590097,40.77677702
6773,3338,2 Ave & E 99 St,-73.94552579,40.7862586
6797,3095,Graham Ave & Herbert St,-73.94500379,40.71929301
6905,3275,Columbus Drive,-74.03891444206238,40.71835519823214
6933,3317,10 St & 5 Ave,-73.98700053,40.6686273
7056,3192,Liberty Light Rail,-74.0557013,40.7112423
7099,3447,E 71 St & 1 Ave,-73.95622730255127,40.76703432309872
7100,3675,3 Ave & E 95 St,-73.94968539476395,40.784596798848916
7117,3610,Vernon Blvd & 30 Rd,-73.934171,40.770845
7132,3405,5 St & 6 Ave,-73.98208968,40.6704836
7142,3213,Van Vorst Park,-74.047726625,40.71848892
7151,3209,Brunswick St,-74.0506564,40.7241765
7214,3272,Jersey & 3rd,-74.04595255851744,40.72333158646436
7235,3363,E 102 St & Park Ave,-73.95033068,40.7904828
7322,3270,Jersey & 6th St,-74.04557168483734,40.72528910781132
7327,3047,Halsey St & Tompkins Ave,-73.944118,40.6823687
7334,3088,Union Ave & Jackson St,-73.952029,40.7160751
7337,3050,Putnam Ave & Throop Ave,-73.94111,40.6851532
7337,3676,Van Brunt St & Van Dyke St,-74.01472628116608,40.6758329439129
7364,3153,E 71 St & 2 Ave,-73.95910263061523,40.76817546742245
7378,3313,6 Ave & 12 St,-73.9854617,40.6663181
7448,3611,Vernon Blvd & 47 Rd,-73.9534573,40.7449067
7508,3673,Dean St & Franklin Ave,-73.955637216568,40.67759206937376
7530,3052,Lewis Ave & Madison St,-73.935775,40.686312
7538,3705,Thompson St & Bleecker St,-73.99968780577183,40.72840059450829
7551,3130,21 St & Queens Plaza North,-73.94335788,40.75325964
7555,436,Hancock St & Bedford Ave,-73.95399026,40.68216564
7576,3057,Kosciuszko St & Tompkins Ave,-73.9452416,40.69128258
7586,3502,Lexington Ave & E 111 St,-73.9441232,40.7954121
7624,3249,Verona Pl & Fulton St,-73.9476791024208,40.6803560840434
7640,3579,Sterling Pl & Bedford Ave,-73.954131,40.672695
7659,3184,Paulus Hook,-74.0335519,40.7141454
7714,3344,Pioneer St & Van Brunt St,-74.011169,40.679043
7800,3469,India St & West St,-73.95995020866394,40.73181401720966
7840,3182,Yankee Ferry Terminal,-74.016966,40.686931
7841,3510,Adam Clayton Powell Blvd & W 123 St,-73.949373,40.8078316
7865,3254,Soissons Landing,-74.01486575603485,40.69231660719192
7886,3638,Washington St,-74.0354826,40.7242941
7916,3067,Broadway & Whipple St,-73.9437303,40.7016657
7933,3269,Brunswick & 6th,-74.05038893222809,40.72601172964625
7954,3535,Mt Morris Park W & W 120 St,-73.945925,40.804038
7976,3068,Humboldt St & Varet St,-73.940636,40.7031724
8000,245,Myrtle Ave & St Edwards St,-73.97703874,40.69327018
8005,3478,2 Ave & 36 St - Citi Bike HQ at Industry City,-74.00870203971863,40.65708866668485
8006,3187,Warren St,-74.03805095,40.7211236
8008,3355,E 66 St & Madison Ave,-73.96845281124115,40.76800889305947
8018,421,Clermont Ave & Park Ave,-73.97129668,40.69573398
8034,3241,Monroe St & Tompkins Ave,-73.944694,40.686203
8054,3602,31 Ave & 34 St,-73.920827,40.763154
8145,3397,Court St & Nelson St,-73.99869893,40.6763947
8168,278,Concord St & Bridge St,-73.98476437,40.69766564
8169,216,Columbia Heights & Cranberry St,-73.99548059,40.70037867
8262,3185,City Hall,-74.043845,40.7177325
8269,3297,6 St & 7 Ave,-73.97988067,40.6686627
8289,3509,Lenox Ave & W 115 St,-73.9500739,40.8011939
8292,3267,Morris Canal,-74.03852552175522,40.7124188237569
8316,3049,Cambridge Pl & Gates Ave,-73.96304,40.68488
8331,3592,Crescent St & Broadway,-73.9286471,40.7633589
8362,397,Fulton St & Clermont Ave,-73.96922273,40.68415748
8374,3332,Degraw St & Hoyt St,-73.99079024791718,40.681990442707026
8538,3211,Newark Ave,-74.046304543,40.72152515
8548,419,Carlton Ave & Park Ave,-73.97355569,40.69580705
8626,3613,Center Blvd & 48 Ave,-73.957539,40.745038
8741,3569,Franklin Ave & St Marks Ave,-73.9561677,40.6758324
8789,3404,7 St & 5 Ave,-73.98541675,40.6704922
8789,3574,Prospect Pl & Underhill Ave,-73.96579,40.6769694
8846,3094,Graham Ave & Withers St,-73.94485918,40.7169811
8859,3157,East End Ave & E 86 St,-73.94446054,40.77518615
8927,3666,32 St & 30 Ave,-73.92062902450562,40.766425527028794
8943,3623,W 120 St & Claremont Ave,-73.9634,40.8109494
8978,3628,Lenox Ave & W 117 St,-73.9490782,40.8025566
9019,396,Lefferts Pl & Franklin Ave,-73.9557689392,40.680342423
9064,3199,Newport Pkwy,-74.0321082,40.7287448
9074,3583,Eastern Pkwy & Washington Ave,-73.9631145,40.6716493
9182,3290,E 89 St & York Ave,-73.946041,40.7779453
9192,343,Clinton Ave & Flushing Ave,-73.96986848,40.69794
9200,3454,Leonard St & Maujer St,-73.94705951213837,40.7103685423523
9207,144,Nassau St & Navy St,-73.98068914,40.69839895
9249,3544,Underhill Ave & Pacific St,-73.9646795,40.6804836
9350,3695,E 5 St & 2 Ave,-73.98919031023979,40.72686951528207
9354,3571,Bedford Ave & Bergen St,-73.952918,40.676368
9446,3105,N 15 St & Wythe Ave,-73.955736,40.724055
9495,3452,Bayard St & Leonard St,-73.94885390996933,40.71915571696044
9548,3074,Montrose Ave & Bushwick Ave,-73.94016171,40.70767788
9580,3386,1 Pl & Clinton St,-73.99905709,40.6809591
9624,400,Pitt St & Stanton St,-73.98178024,40.71926081
9630,3438,E 76 St & 3 Ave,-73.95842134952545,40.772248537721744
9643,289,Monroe St & Classon Ave,-73.95881081,40.6845683
9719,3303,Butler St & Court St,-73.99440329,40.6849894
9742,3085,Roebling St & N 4 St,-73.95739,40.71469
9772,3403,4 Ave & 9 St,-73.98876585,40.6705135
9791,3231,E 67 St & Park Ave,-73.96592080593109,40.76780080148132
9794,3580,St Johns Pl & Washington Ave,-73.9631611,40.6737236
9822,3533,St. Nicholas Ave & W 126 St,-73.9518776,40.8114323
9839,409,DeKalb Ave & Skillman St,-73.95643107,40.6906495
9843,3339,Berkeley Pl & 6 Ave,-73.97846879,40.6765304
9881,3379,E 103 St & Lexington Ave,-73.94755757,40.7903051
9889,385,E 55 St & 2 Ave,-73.96603308,40.75797322
9904,3555,28 St & 41 Ave,-73.93797,40.751047
9904,3699,W 50 St & 9 Ave,-73.98917958140373,40.763604677958625
10066,3709,W 15 St & 6 Ave,-73.99642959237099,40.738046142482766
10110,3537,Carlton Ave & Dean St,-73.9710097,40.6809741
10127,3615,44 Dr & 21 St,-73.9460927,40.748
10146,3343,W 107 St & Columbus Ave,-73.9621128676,40.7997568
10216,3516,31 St & Astoria Blvd,-73.9184057,40.7699176
10291,3549,Grand Ave & Bergen St,-73.962408,40.678045
10351,3311,Columbia St & Kane St,-74.0016256,40.68763155
10353,3690,Park Pl & Church St,-74.00935515761375,40.71334184275907
10395,3410,Dean St & Hoyt St,-73.98759104,40.6864442
10409,3542,Amsterdam Ave & W 119 St,-73.9596214,40.8086249
10440,3388,President St & Henry St,-73.99990419,40.6828003
10454,3152,3 Ave & E 71 St,-73.96119945,40.76873687
10502,3413,Wyckoff St & 3 Ave,-73.98258555,40.6827549
10523,3306,10 St & 7 Ave,-73.98199886,40.6662078
10640,3180,Brooklyn Bridge Park - Pier 2,-73.99712,40.69878
10643,3572,34 Ave & 38 St,-73.921631,40.756913
10816,3310,14 St & 7 Ave,-73.98396846,40.663779
10833,3389,Carroll St & Columbia St,-74.00348559,40.6830456
10849,3286,E 89 St & 3 Ave,-73.9521667,40.7806284
10884,298,3 Ave & Schermerhorn St,-73.9796772,40.68683208
10938,82,St James Pl & Pearl St,-74.00016545,40.71117416
10967,3081,Graham Ave & Grand St,-73.944024,40.711863
11056,3396,Clinton St & 4 Place,-74.00014502,40.6783563
11088,3319,14 St & 5 Ave,-73.98895053,40.666287
11097,3358,Garfield Pl & 8 Ave,-73.97484126,40.6711978
11138,3562,Classon Ave & St Marks Ave,-73.9596082,40.6765198
11151,120,Lexington Ave & Classon Ave,-73.95928168,40.68676793
11156,3102,Driggs Ave & Lorimer St,-73.9504154,40.72179134
11168,3425,2 Ave & E 104 St,-73.94370784,40.7892105
11225,3345,Madison Ave & E 99 St,-73.95242929458618,40.78948541553215
11244,3412,Pacific St & Nevins St,-73.98302136,40.6853761
11261,420,Clermont Ave & Lafayette Ave,-73.96968902,40.68764484
11400,3415,Prospect Pl & 6 Ave,-73.97519523,40.6793307
11462,3375,3 Ave & E 72 St,-73.96060712,40.7699426
11515,3321,Clinton St & Union St,-73.99785267,40.6831164
11518,3377,Carroll St & Bond St,-73.99037292,40.6786115
11520,2022,E 60 St & York Ave,-73.959223,40.759107
11541,3296,E 93 St & 2 Ave,-73.9489196240902,40.782454175279874
11542,275,Washington Ave & Greene Ave,-73.96563307,40.68650065
11557,3125,45 Rd & 11 St,-73.94977234,40.74708586
11566,3080,S 4 St & Rodney St,-73.95608,40.70934
11572,3384,Smith St & 3 St,-73.99599099,40.6787242
11608,3599,Franklin Ave & Empire Blvd,-73.9605695,40.66314
11609,3419,Douglass St & 4 Ave,-73.98154004,40.6792788
11638,407,Henry St & Poplar St,-73.991454,40.700469
11642,3496,1 Ave & E 110 St,-73.9383,40.7923272
11656,3357,W 106 St & Amsterdam Ave,-73.9664492472,40.8008363
11708,3581,Underhill Ave & Lincoln Pl,-73.9671457,40.6740123
11721,3422,Columbia St & Degraw St,-74.00242364,40.6859296
11725,3276,Marin Light Rail,-74.04281705617905,40.71458403535893
11806,3453,Devoe St & Lorimer St,-73.9491033554077,40.71335226222875
11842,3407,Union St & Nevins St,-73.98765474557877,40.67909799721684
11865,3284,E 88 St & Park Ave,-73.95595908164978,40.781410700190015
11889,3529,Lenox Ave & W 130 St,-73.9430681,40.8107922
11959,242,Carlton Ave & Flushing Ave,-73.973736,40.697787
11991,3076,Scholes St & Manhattan Ave,-73.9448625,40.70870368
12046,3593,31 St & Broadway,-73.925921,40.761584
12144,3430,Richardson St & N Henry St,-73.94223690032959,40.71907891179564
12212,3300,Prospect Park West & 8 St,-73.97637605667114,40.66514681533792
12222,3329,Degraw St & Smith St,-73.99318208,40.6829151
12223,344,Monroe St & Bedford Ave,-73.95380904,40.6851443
12233,353,S Portland Ave & Hanson Pl,-73.97431458,40.68539567
12265,3083,Bushwick Ave & Powers St,-73.94100005,40.71247661
12297,3304,6 Ave & 9 St,-73.98377641,40.668127
12302,365,Fulton St & Grand Ave,-73.9614583,40.68223166
12320,3671,E 81 St & 2 Ave,-73.95427465438843,40.774779448957275
12366,3359,E 68 St & Madison Ave,-73.96703464,40.7691572
12746,3437,Riverside Dr & W 91 St,-73.97700369358063,40.79313480986663
12749,3398,Smith St & 9 St,-73.99785768,40.6746957
12787,3176,W 64 St & West End Ave,-73.98753759,40.77452835
12801,3117,Franklin St & Dupont St,-73.95866,40.73564
12836,248,Laight St & Hudson St,-74.00771779,40.72185379
12855,243,Fulton St & Rockwell Pl,-73.979382,40.688226
12875,3369,E 82 St & East End Ave,-73.9468208,40.7724607
12911,3294,E 91 St & Park Ave,-73.955327,40.7835016
12952,3434,W 88 St & West End Ave,-73.97718340158461,40.79025417330419
13014,3298,Warren St & Court St,-73.99383324,40.686371
13077,83,Atlantic Ave & Fort Greene Pl,-73.97632328,40.68382604
13086,3552,W 113 St & Broadway,-73.964928,40.805973
13112,418,Front St & Gold St,-73.982578,40.70224
13323,3364,Carroll St & 5 Ave,-73.9814832,40.6751622
13337,3536,W 116 St & Broadway,-73.9641,40.8082
13407,262,Washington Park,-73.9737299,40.6917823
13418,3308,Kane St & Clinton St,-73.99645295,40.6861758
13473,3400,E 110 St & Madison Ave,-73.94782145,40.7961535
13476,3547,Broadway & Moylan Pl,-73.9590255,40.8143256
13533,3335,Union St & 4 Ave,-73.98282002,40.6772744
13576,3538,W 110 St & Amsterdam Ave,-73.96295,40.802692
13599,3361,Carroll St & 6 Ave,-73.9787282,40.6740886
13611,3668,Leonard St & Nassau Ave,-73.94984364509583,40.7239567849954
13618,3518,Lenox Ave & W 126 St,-73.9452087,40.808442
13661,284,Greenwich Ave & 8 Ave,-74.0026376103,40.7390169121
13672,322,Clinton St & Tillary St,-73.991218,40.696192
13695,3341,Central Park West & W 102 St,-73.96186,40.795346
13777,3701,Cliff St & Fulton St,-74.00504082441329,40.70831794366396
13790,260,Broad St & Bridge St,-74.01167797,40.70365182
13809,3526,31 St & 23 Ave,-73.9125551,40.7747878
13819,3584,Eastern Pkwy & Franklin Ave,-73.9576801,40.6707767
13824,3688,2 Ave & E 55 St,-73.96638214588165,40.757920208794026
13836,3648,Flushing Ave & Vanderbilt Ave,-73.97077560424805,40.697950315695444
13895,3489,Gold St & Frankfort St,-74.00354146957397,40.71069994631387
13931,3497,Pleasant Ave & E 116 St,-73.9333349,40.7949879
13980,3077,Stagg St & Union Ave,-73.95095259,40.70877084
14064,3100,Nassau Ave & Newell St,-73.94752621650696,40.724812564400175
14119,3508,St Nicholas Ave & Manhattan Ave,-73.953149,40.809725
14148,3411,Bond St & Bergen St,-73.98620772,40.6849668
14184,232,Cadman Plaza E & Tillary St,-73.99014892,40.69597683
14238,3202,Newport PATH,-74.0337589,40.7272235
14265,3370,E 78 St & 2 Ave,-73.95577801,40.7727966
14267,3288,E 88 St & 1 Ave,-73.9488134,40.778301
14300,3558,Bergen St & Vanderbilt Ave,-73.9680438,40.6794388
14304,3663,Sterling Pl & 7 Ave,-73.973827958107,40.67716489469059
14305,3373,3 St & 3 Ave,-73.98775226,40.6750705
14430,493,W 45 St & 6 Ave,-73.98291153,40.7568001
14516,3639,Harborside,-74.034234,40.7192517
14631,3131,E 68 St & 3 Ave,-73.96224617958069,40.76712840349542
14841,261,Johnson St & Gold St,-73.98362464,40.69474881
14850,3126,44 Dr & Jackson Ave,-73.9432635,40.74718234
14858,306,Cliff St & Fulton St_1,-74.00530063,40.70823502
14867,3328,W 100 St & Manhattan Ave,-73.9645,40.795
14935,3331,Riverside Dr & W 104 St,-73.9711457439,40.8013434
14942,3420,Douglass St & 3 Ave,-73.98432695,40.6802133
15008,3106,Driggs Ave & N Henry St,-73.94308,40.72325
15018,3224,W 13 St & Hudson St,-74.00513872504234,40.73997354103409
15073,313,Washington Ave & Park Ave,-73.96751037,40.69610226
15190,3365,3 St & 7 Ave,-73.97839676,40.6703837
15229,3576,Park Pl & Vanderbilt Ave,-73.969024,40.6767
15263,3289,W 90 St & Amsterdam Ave,-73.97288918495178,40.79017948095081
15312,3064,Myrtle Ave & Lewis Ave,-73.93756926,40.69681963
15373,3378,E 76 St & Park Ave,-73.96222088,40.773763
15392,3637,Fulton St & Waverly Ave,-73.96599590778351,40.683238654603414
15404,3539,W 116 St & Amsterdam Ave,-73.9607082,40.8067581
15463,3150,E 85 St & York Ave,-73.94803392,40.77536905
15469,3414,Bergen St & Flatbush Ave,-73.97567331790923,40.680944723477296
15472,3366,West End Ave & W 107 St,-73.9681805305,40.8021174
15489,3118,McGuinness Blvd & Eagle St,-73.95284,40.73555
15514,354,Emerson Pl & Myrtle Ave,-73.96223558,40.69363137
15532,241,DeKalb Ave & S Portland Ave,-73.97493121,40.68981035
15671,3312,1 Ave & E 94 St,-73.94594,40.7817212
15837,3195,Sip Ave,-74.06391263008118,40.73089709786179
15837,3195,Sip Ave,-74.06378388404846,40.73074262530658
15849,3417,Baltic St & 5 Ave,-73.97854971,40.6795766
15929,3135,E 75 St & 3 Ave,-73.95772297,40.77112927
15943,3115,India St & Manhattan Ave,-73.9550858,40.73232194
15966,339,Avenue D & E 12 St,-73.97422494,40.72580614
16003,416,Cumberland St & Lafayette Ave,-73.97265183,40.68753406
16035,3145,E 84 St & Park Ave,-73.95772073,40.77862688
16044,3151,E 81 St & York Ave,-73.94989233,40.7728384
16164,3408,Congress St & Clinton St,-73.99520919,40.6881529
16183,3307,West End Ave & W 94 St,-73.974124,40.7941654
16202,3082,Hope St & Union Ave,-73.95141312,40.71167351
16276,3178,Riverside Dr & W 78 St,-73.98362492,40.78414472
16311,3323,W 106 St & Central Park West,-73.9605909006,40.7981856
16403,3376,E 65 St & 2 Ave,-73.96222069859505,40.76471851944339
16405,3109,Banker St & Meserole Ave,-73.95621,40.72606
16413,3116,Huron St & Franklin St,-73.95826,40.73266
16455,3697,W 64 St & Thelonious Monk Circle,-73.98918695747852,40.77515953434235
16576,437,Macon St & Nostrand Ave,-73.9500479759,40.6809833854
16601,364,Lafayette Ave & Classon Ave,-73.96023854,40.68900443
16606,3368,5 Ave & 3 St,-73.98352355,40.6728155
16696,3292,5 Ave & E 93 St,-73.957481,40.7857851
17026,3124,46 Ave & 5 St,-73.95451,40.74731
17038,3242,Schermerhorn St & Court St,-73.99183362722397,40.69102925677968
17281,3087,Metropolitan Ave & Meeker Ave,-73.95234386,40.71413311
17397,3101,N 12 St & Bedford Ave,-73.95484712,40.72079821
17408,249,Harrison St & Hudson St,-74.0090009,40.71870987
17443,3139,E 72 St & Park Ave,-73.96409422159195,40.77118287540658
17540,291,Madison St & Montgomery St,-73.984844,40.713126
17570,244,Willoughby Ave & Hall St,-73.96536851,40.69196035
17606,3096,Union Ave & N 12 St,-73.95242,40.71924
17656,399,Lafayette Ave & St James Pl,-73.9647628,40.68851534
17672,3356,Amsterdam Ave & W 66 St,-73.98470567,40.7746671
17693,3146,E 81 St & 3 Ave,-73.9567526,40.77573034
17695,3108,Nassau Ave & Russell St,-73.94434,40.72557
17879,3711,E 13 St & Avenue A,-73.98067966103554,40.72966729392978
17881,3336,E 97 St & Madison Ave,-73.953559,40.787801
17945,3315,Henry St & Degraw St,-73.99917254,40.6847514
17991,282,Kent Ave & S 11 St,-73.96841526031494,40.707644944175705
18050,341,Stanton St & Mangin St,-73.97628939,40.71782143
18133,3078,Broadway & Roebling St,-73.96063148975372,40.70924826276157
18260,3553,Frederick Douglass Blvd & W 112 St,-73.957145,40.801694
18262,390,Duffield St & Willoughby St,-73.9842844,40.69221589
18381,3351,E 102 St & 1 Ave,-73.94164802,40.7869946
18607,310,State St & Smith St,-73.98912867,40.68926942
18617,337,Old Slip & Front St,-74.00838676,40.7037992
18839,3172,W 74 St & Columbus Ave,-73.97754961,40.7785669
18957,332,Cherry St,-73.97948148,40.71219906
18981,516,E 47 St & 1 Ave,-73.96784384,40.75206862
19004,331,Pike St & Monroe St,-73.99193043,40.71173107
19013,274,Lafayette Ave & Fort Greene Pl,-73.976682,40.68691865
19079,266,Avenue D & E 8 St,-73.97574813,40.72368361
19116,3293,W 92 St & Broadway,-73.9739,40.7921
19166,3169,Riverside Dr & W 82 St,-73.98128127,40.78720869
19193,408,Market St & Cherry St,-73.99400398,40.71076228
19195,3346,Berkeley Pl & 7 Ave,-73.97523209452629,40.675146838709786
19402,471,Grand St & Havemeyer St,-73.95698119,40.71286844
19489,253,W 13 St & 5 Ave,-73.99453948,40.73543934
19496,3354,3 St & Prospect Park West,-73.97363831,40.668132
19631,414,Pearl St & Anchorage Pl,-73.98765762,40.70281858
19684,3362,Madison Ave & E 82 St,-73.96069399,40.7781314
19765,3383,Cathedral Pkwy & Broadway,-73.96699104,40.804213
19841,270,Adelphi St & Myrtle Ave,-73.97178913,40.69308257
19880,3113,Greenpoint Ave & Manhattan Ave,-73.95394,40.73026
19884,258,DeKalb Ave & Vanderbilt Ave,-73.96885458,40.68940747
19909,3203,Hamilton Park,-74.044247311,40.727595966
20593,3382,Carroll St & Smith St,-73.99475825,40.680611
20779,3134,3 Ave & E 62 St,-73.96526895,40.76312584
20896,3534,Frederick Douglass Blvd & W 117 St,-73.954692,40.805159
21191,3418,Plaza St West & Flatbush Ave,-73.97111473,40.6750207
21222,157,Henry St & Atlantic Ave,-73.99612349,40.69089272
21234,356,Bialystoker Pl & Delancey St,-73.98261206,40.71622644
21285,534,Water - Whitehall Plaza,-74.0127234,40.70255065
21413,340,Madison St & Clinton St,-73.98776323,40.71269042
21477,2023,E 55 St & Lexington Ave,-73.97031366,40.75968085
21573,3350,W 100 St & Broadway,-73.97041192,40.7973721
21604,349,Rivington St & Ridge St,-73.98329859,40.71850211
21614,342,Columbia St & Rivington St,-73.98016555,40.71739973
21706,3110,Meserole Ave & Manhattan Ave,-73.95299117,40.72708584
21802,527,E 33 St & 2 Ave,-73.976056,40.744023
21881,411,E 6 St & Avenue D,-73.97668709,40.72228087
21886,3367,5 Ave & E 103 St,-73.95249933,40.7922553
22107,314,Cadman Plaza West & Montague St,-73.990539,40.69383
22162,3148,E 84 St & 1 Ave,-73.95068615,40.77565541
22244,360,William St & Pine St,-74.00887308,40.70717936
22287,3320,Central Park West & W 100 St,-73.96286845207214,40.79406660818552
22363,276,Duane St & Greenwich St,-74.0104554,40.71748752
22570,3285,W 87 St & Amsterdam Ave,-73.9747,40.78839
22619,3232,Bond St & Fulton St,-73.98304268717766,40.68962188790333
22836,3136,5 Ave & E 63 St,-73.971518,40.766368
22890,376,John St & William St,-74.00722156,40.70862144
22928,454,E 51 St & 1 Ave,-73.96592976,40.75455731
22955,393,E 5 St & Avenue C,-73.97995466,40.72299208
23051,324,DeKalb Ave & Hudson Ave,-73.981013,40.689888
23139,264,Maiden Ln & Pearl St,-74.00731853,40.70706456
23149,3162,W 78 St & Broadway,-73.98093133,40.78339981
23231,398,Atlantic Ave & Furman St,-73.9999786,40.69165183
23318,3349,Grand Army Plaza & Plaza St West,-73.97087984,40.6729679
23335,389,Broadway & Berry St,-73.96525063,40.71044554
23381,481,S 3 St & Bedford Ave,-73.96264403,40.71260486
23406,3462,E 44 St & 2 Ave,-73.97138714790344,40.75118387463277
23442,406,Hicks St & Montague St,-73.99595065,40.69512845
23469,3486,Schermerhorn St & Bond St,-73.98451656103134,40.688417427540834
23555,3457,E 58 St & Madison Ave,-73.97209525108337,40.76302594280519
23738,392,Jay St & Tech Pl,-73.987167,40.695065
23757,3086,Graham Ave & Conselyea St,-73.944507,40.715143
23834,3466,W 45 St & 6 Ave (OLD),-73.98257732391357,40.75668720603179
23914,366,Clinton Ave & Myrtle Ave,-73.968896,40.693261
24206,3507,Park Ave & E 124 St,-73.9396861,40.8045555
24213,3635,W 36 St & 9 Ave,-73.99516761302948,40.75462324029105
24538,3155,Lexington Ave & E 63 St,-73.96648977,40.76440023
24593,3301,Columbus Ave & W 95 St,-73.968087,40.7919557
24696,143,Clinton St & Joralemon St,-73.99337909,40.69239502
24758,302,Avenue D & E 3 St,-73.97793172,40.72082834
24775,308,St James Pl & Oliver St,-73.99851193,40.71307916
24778,2009,Catherine St & Monroe St,-73.99682619,40.71117444
24826,321,Cadman Plaza E & Red Cross Pl,-73.98971773,40.69991755
24989,316,Fulton St & William St,-74.00653609,40.70955958
25160,3305,E 91 St & 2 Ave,-73.94965589046478,40.78112229934166
25203,323,Lawrence St & Willoughby St,-73.98631746,40.69236178
25241,3119,Vernon Blvd & 50 Ave,-73.95411749,40.74232744
25254,415,Pearl St & Hanover Square,-74.00926027,40.7047177
25396,3318,2 Ave & E 96 St,-73.9471673,40.7839636
25482,3521,Lenox Ave & W 111 St,-73.9523,40.7987859
25510,362,Broadway & W 37 St,-73.98753523,40.75172632
25800,522,E 51 St & Lexington Ave,-73.97207836,40.75714758
25942,320,Leonard St & Church St,-74.005549,40.717571
26105,427,Bus Slip & State St,-74.013942,40.701907
26211,386,Centre St & Worth St,-74.00234482,40.71494807
26258,357,E 11 St & Broadway,-73.99158043,40.73261787
26483,3177,W 84 St & Broadway,-73.977112,40.7867947
26504,3129,Queens Plaza North & Crescent St,-73.94073717,40.75110165
26560,3132,E 59 St & Madison Ave,-73.97109243,40.76350532
26563,3372,E 74 St & 1 Ave,-73.95482273,40.7689738
26608,467,Dean St & 4 Ave,-73.97895137,40.68312489
26725,351,Front St & Maiden Ln,-74.00612572,40.70530954
26866,3166,Riverside Dr & W 72 St,-73.98562431335449,40.78057799010334
27100,330,Reade St & Broadway,-74.00562789,40.71450451
27126,3243,E 58 St & 1 Ave,-73.96226227283478,40.75892386377695
27540,3092,Berry St & N 8 St,-73.95852515,40.7190095
27772,3175,W 70 St & Amsterdam Ave,-73.98288594,40.77748046
27866,3402,Court St & State St,-73.99203074,40.6902375
27893,3107,Bedford Ave & Nassau Ave,-73.95212324,40.72311651
27929,3423,West Drive & Prospect Park West,-73.97945255041122,40.6610633719006
28017,247,Perry St & Bleecker St,-74.00483091,40.73535398
28044,228,E 48 St & 3 Ave,-73.971878855,40.7546011026
28278,295,Pike St & E Broadway,-73.99293911,40.71406667
28319,3259,9 Ave & W 28 St,-73.99923384189606,40.74937024193277
28408,3314,W 95 St & Broadway,-73.971888,40.7937704
28478,238,Bank St & Washington St,-74.00859207,40.7361967
28788,280,E 10 St & 5 Ave,-73.99510132,40.73331967
28910,3173,Riverside Blvd & W 67 St,-73.98888587951659,40.777507027547976
28924,79,Franklin St & W Broadway,-74.00666661,40.71911552
29000,3658,W 18 St & 9 Ave,-74.00367558002472,40.7435337324616
29017,473,Rivington St & Chrystie St,-73.9919254,40.72110063
29142,3684,W 12 St & W 4 St,-74.00398269295692,40.73756121181137
29207,239,Willoughby St & Fleet St,-73.9813018,40.69196566
29428,150,E 2 St & Avenue C,-73.98085795,40.7208736
29572,3674,Jay St & York St,-73.98672670125961,40.701403172577244
29760,3226,W 82 St & Central Park West,-73.97137,40.78275
29919,3680,E 43 St & 5 Ave,-73.98025184869766,40.754120810779256
30011,3170,W 84 St & Columbus Ave,-73.97283406,40.78499979
30060,3090,N 8 St & Driggs Ave,-73.95600096,40.71774592
30395,3440,Fulton St & Adams St,-73.98949474096298,40.692418292578466
30418,146,Hudson St & Reade St,-74.0091059,40.71625008
30673,3283,W 89 St & Columbus Ave,-73.97041561,40.7882213
30815,3171,Amsterdam Ave & W 82 St,-73.97667321,40.78524672
30985,2000,Front St & Washington St,-73.98940236,40.70255088
31087,3360,Amsterdam Ave & W 79 St,-73.9786517,40.7829391
31425,422,W 59 St & 10 Ave,-73.988038,40.770513
31468,455,1 Ave & E 44 St,-73.96905301,40.75001986
31614,3112,Milton St & Franklin St,-73.95779,40.72906
31632,513,W 56 St & 10 Ave,-73.988639,40.768254
31711,391,Clark St & Henry St,-73.99344559,40.69760127
31972,259,South St & Whitehall St,-74.01234218,40.70122128
32225,3431,E 35 St & 3 Ave,-73.977885,40.746524
32356,164,E 47 St & 2 Ave,-73.97032517,40.75323098
32376,3459,E 53 St & 3 Ave,-73.96930575370789,40.75763227739443
32550,217,Old Fulton St,-73.99383605,40.70277159
32625,441,E 52 St & 2 Ave,-73.967416,40.756014
32889,3161,W 76 St & Columbus Ave,-73.97728532552719,40.7801839724239
33151,369,Washington Pl & 6 Ave,-74.00026394,40.73224119
33177,345,W 13 St & 6 Ave,-73.99704374,40.73649403
33514,484,W 44 St & 5 Ave,-73.98014437,40.75500254
33524,440,E 45 St & 3 Ave,-73.97282625,40.75255434
33603,3374,Central Park North & Adam Clayton Powell Blvd,-73.955613,40.799484
33640,3156,E 72 St & York Ave,-73.95348296,40.76663814
34059,309,Murray St & West St,-74.013012,40.7149787
34308,3160,Central Park West & W 76 St,-73.97374737,40.77896784
34455,311,Norfolk St & Broome St,-73.98802084,40.7172274
34512,279,Peck Slip & Front St,-74.00167,40.707873
34640,3632,E 12 St & Avenue B,-73.97881150245667,40.728048571362606
34838,502,Henry St & Grand St,-73.981346,40.714215
34998,3687,E 33 St & 1 Ave,-73.97449783980846,40.74322681432173
35004,3659,W 17 St & 9 Ave,-74.00413691997528,40.74294891660091
35046,423,W 54 St & 9 Ave,-73.98690506,40.76584941
35498,257,Lispenard St & Broadway,-74.00247214,40.71939226
35858,296,Division St & Bowery,-73.9970468,40.71413089
36023,485,W 37 St & 5 Ave,-73.98338988,40.75038009
36054,470,W 20 St & 8 Ave,-74.00004031,40.74345335
36138,2002,Wythe Ave & Metropolitan Ave,-73.963198,40.716887
36307,2010,Grand St & Greene St,-74.00234737,40.72165481
36355,350,Clinton St & Grand St,-73.9870295,40.71559509
36420,3461,Murray St & Greenwich St,-74.01122331619263,40.714851505262516
36669,254,W 11 St & 6 Ave,-73.99800419,40.73532427
36683,439,E 4 St & 2 Ave,-73.98978041,40.7262807
36855,355,Bayard St & Baxter St,-73.99974372,40.71602118
36935,252,MacDougal St & Washington Sq,-73.99852205,40.73226398
37330,3143,5 Ave & E 78 St,-73.96427392959595,40.77632142182271
37891,456,E 53 St & Madison Ave,-73.97402311,40.7597108
37945,3409,Bergen St & Smith St,-73.99063168,40.6867443
37990,2012,E 27 St & 1 Ave,-73.976806,40.739445
38142,3223,E 55 St & 3 Ave,-73.96865397691727,40.758996559605116
38258,161,LaGuardia Pl & W 3 St,-73.99810231,40.72917025
38272,500,Broadway & W 51 St,-73.98336183,40.76228826
38579,303,Mercer St & Spring St,-73.99949601,40.72362738
38654,3467,W Broadway & Spring Street,-74.00165855884552,40.72494672359416
38711,3186,Grove St PATH,-74.04311746358871,40.71958611647166
38734,346,Bank St & Hudson St,-74.00618026,40.73652889
38781,328,Watts St & Greenwich St,-74.00965965,40.72405549
39407,3295,Central Park W & W 96 St,-73.964839,40.79127
39476,325,E 19 St & 3 Ave,-73.98473765,40.73624527
39640,3472,W 15 St & 10 Ave,-74.00747358798981,40.742753828659026
40006,174,E 25 St & 1 Ave,-73.97738662,40.7381765
40054,460,S 4 St & Wythe Ave,-73.96590294,40.71285887
40088,3463,E 16 St & Irving Pl,-73.98797392845154,40.735367055605394
40182,532,S 5 Pl & S 5 St,-73.960876,40.710451
40243,533,Broadway & W 38 St,-73.98721619,40.75299641
40263,3147,E 85 St & 3 Ave,-73.95407149,40.77801203
40314,433,E 13 St & Avenue A,-73.98057249,40.72955361
40412,363,West Thames St,-74.01713445,40.70834698
40649,474,5 Ave & E 29 St,-73.98683077,40.7451677
40884,72,W 52 St & 11 Ave,-73.99392888,40.76727216
40903,3093,N 6 St & Bedford Ave,-73.95850939,40.71745169
40946,508,W 46 St & 11 Ave,-73.99667444,40.76341379
41000,480,W 53 St & 10 Ave,-73.99061728,40.76669671
41042,3140,1 Ave & E 78 St,-73.9535166,40.77140426
41130,317,E 6 St & Avenue B,-73.98185424,40.72453734
41543,525,W 34 St & 11 Ave,-74.0021163,40.75594159
41739,3458,W 55 St & 6 Ave,-73.9783501625061,40.76309387270797
41838,394,E 9 St & Avenue C,-73.97768752,40.72521311
41859,3474,6 Ave & Spring St,-74.00412082672119,40.7252556952547
41906,469,Broadway & W 53 St,-73.98268129,40.76344058
41928,3656,E 2 St & Avenue A,-73.98583620786667,40.72307749068673
42178,267,Broadway & W 36 St,-73.98765428,40.75097711
42259,195,Liberty St & Broadway,-74.01043382,40.70905623
42662,3142,1 Ave & E 62 St,-73.96094022,40.7612274
42670,388,W 26 St & 10 Ave,-74.002950346,40.749717753
42776,3168,Central Park West & W 85 St,-73.96961715,40.78472675
42790,520,W 52 St & 5 Ave,-73.97648516,40.75992262
42996,301,E 2 St & Avenue B,-73.98368779,40.72217444
43103,335,Washington Pl & Broadway,-73.99404649,40.72903917
43206,223,W 13 St & 7 Ave,-73.99994661,40.73781509
43251,546,E 30 St & Park Ave S,-73.98303529,40.74444921
43274,305,E 58 St & 3 Ave,-73.96724467,40.76095756
43285,3016,Kent Ave & N 7 St,-73.96165072917938,40.72036775298455
43290,377,6 Ave & Canal St,-74.00566443,40.72243797
43664,3664,North Moore St & Greenwich St,-74.0103006362915,40.72019521437465
43801,495,W 47 St & 10 Ave,-73.99301222,40.76269882
43939,3686,Gansevoort St & Hudson St,-74.00507032871246,40.739448201304036
43974,268,Howard St & Centre St,-73.99973337,40.71910537
44650,3235,E 41 St & Madison Ave,-73.97992193698882,40.752165280621966
44699,536,1 Ave & E 30 St,-73.97536082,40.74144387
44732,539,Metropolitan Ave & Bedford Ave,-73.96024116,40.71534825
44837,3236,W 42 St & Dyer Ave,-73.99379968643188,40.75898481399634
44901,412,Forsyth St & Canal St,-73.99422366,40.7158155
45121,3429,Hanson Pl & Ashland Pl,-73.97790759801863,40.68506807308177
45350,526,E 33 St & 5 Ave,-73.98490707,40.74765947
45383,3159,W 67 St & Broadway,-73.98266566,40.77492513
45396,515,W 43 St & 10 Ave,-73.99461843,40.76009437
45678,319,Fulton St & Broadway,-74.009447,40.711066
45691,501,FDR Drive & E 35 St,-73.97121214,40.744219
46623,167,E 39 St & 3 Ave,-73.97604882,40.7489006
46665,304,Broadway & Battery Pl,-74.01361706,40.70463334
46805,503,E 20 St & Park Ave,-73.98751968,40.73827428
46811,448,W 37 St & 10 Ave,-73.9979009,40.75660359
46991,476,E 31 St & 3 Ave,-73.97966069,40.74394314
47081,524,W 43 St & 6 Ave,-73.98316936,40.75527307
47099,361,Allen St & Hester St,-73.99190759,40.71605866
47568,3137,5 Ave & E 73 St,-73.96685276,40.77282817
47645,212,W 16 St & The High Line,-74.00681753,40.74334935
47724,3244,University Pl & E 8 St,-73.99490341544151,40.73143724085228
48285,447,8 Ave & W 52 St,-73.9851615,40.76370739
48356,3158,W 63 St & Broadway,-73.98261428,40.77163851
48378,529,W 42 St & 8 Ave,-73.99098507,40.7575699
48418,530,11 Ave & W 59 St,-73.990541,40.771522
48418,530,11 Ave & W 59 St,-73.99046033620834,40.77149671054441
48687,417,Barclay St & Church St,-74.01020234,40.71291224
48755,3282,5 Ave & E 88 St,-73.95939,40.78307
48761,265,Stanton St & Chrystie St,-73.99147535,40.72229346
48977,410,Suffolk St & Stanton St,-73.98517977,40.72066442
49093,3163,Central Park West & W 68 St,-73.97782542,40.7734066
49101,334,W 20 St & 7 Ave,-73.99726235,40.74238787
49650,315,South St & Gouverneur Ln,-74.00670227,40.70355377
49787,478,11 Ave & W 41 St,-73.99884222,40.76030096
49851,537,Lexington Ave & E 24 St,-73.98409214,40.74025878
49907,2021,W 45 St & 8 Ave,-73.98859651,40.75929124
50096,326,E 11 St & 1 Ave,-73.98426726,40.72953837
50251,540,Lexington Ave & E 29 St,-73.98215353488922,40.74311555376486
50658,383,Greenwich Ave & Charles St,-74.000271,40.735238
50950,528,2 Ave & E 31 St,-73.97706058,40.74290902
51197,2003,1 Ave & E 18 St,-73.98054420948029,40.733812191966315
51240,401,Allen St & Rivington St,-73.98997825,40.72019576
52125,380,W 4 St & 7 Ave S,-74.00293877,40.73401143
52241,2008,Little West St & 1 Pl,-74.01677685,40.70569254
52808,531,Forsyth St & Broome St,-73.99266288,40.71893904
52825,403,E 2 St & 2 Ave,-73.99069656,40.72502876
52953,3443,W 52 St & 6 Ave,-73.97982001304626,40.76132983124814
53067,438,St Marks Pl & 1 Ave,-73.98564945,40.72779126
53601,461,E 20 St & 2 Ave,-73.98205027,40.73587678
53712,3165,Central Park West & W 72 St,-73.9762057363987,40.77579376683666
54700,307,Canal St & Rutgers St,-73.98990025,40.71427487
55176,236,St Marks Pl & 2 Ave,-73.98713956,40.7284186
55261,251,Mott St & Prince St,-73.99480012,40.72317958
55669,336,Sullivan St & Washington Sq,-73.99906065,40.73047747
55702,3256,Pier 40 - Hudson River Park,-74.01129573583603,40.7277140777778
55781,312,Allen St & Stanton St,-73.989111,40.722055
55857,347,Greenwich St & W Houston St,-74.008591,40.728846
56457,3258,W 27 St & 10 Ave,-74.00218427181244,40.75018156325683
56801,468,Broadway & W 56 St,-73.98192338,40.7652654
56912,3167,Amsterdam Ave & W 73 St,-73.98093044757842,40.77966809007312
57077,297,E 15 St & 3 Ave,-73.986923,40.734232
57284,487,E 20 St & FDR Drive,-73.97573881,40.73314259
57431,507,E 25 St & 2 Ave,-73.97973776,40.73912601
57569,518,E 39 St & 2 Ave,-73.9734419,40.74780373
57908,237,E 11 St & 2 Ave,-73.98672378,40.73047309
58017,545,E 23 St & 1 Ave,-73.97809472,40.736502
58500,3233,E 48 St & 5 Ave,-73.97805914282799,40.75724567911726
58702,450,W 49 St & 8 Ave,-73.98788205,40.76227205
58820,517,Pershing Square South,-73.97791,40.751581
59661,3260,Mercer St & Bleecker St,-73.99662137031554,40.72706363348306
59775,466,W 25 St & 6 Ave,-73.99144871,40.74395411
59796,458,11 Ave & W 27 St,-74.005226,40.751396
60456,498,Broadway & W 32 St,-73.98808416,40.74854862
60812,494,W 26 St & 8 Ave,-73.99723551,40.74734825
61146,496,E 16 St & 5 Ave,-73.99238967,40.73726186
61489,483,E 12 St & 3 Ave,-73.98889957,40.73223272
61810,3141,1 Ave & E 68 St,-73.95818491,40.76500525
61918,479,9 Ave & W 45 St,-73.9912551,40.76019252
61931,457,Broadway & W 58 St,-73.98169333,40.76695317
62641,442,W 27 St & 7 Ave,-73.993915,40.746647
63190,509,9 Ave & W 22 St,-74.00197139,40.7454973
63591,405,Washington St & Gansevoort St,-74.008119,40.739323
64033,3427,Lafayette St & Jersey St,-73.99600982666016,40.72430527250332
64298,472,E 32 St & Park Ave,-73.98194829,40.7457121
64438,486,Broadway & W 29 St,-73.98855723,40.7462009
64558,453,W 22 St & 8 Ave,-73.99915362,40.74475148
64834,127,Barrow St & Hudson St,-74.00674436,40.73172428
64917,128,MacDougal St & Prince St,-74.00297088,40.72710258
65111,482,W 15 St & 7 Ave,-73.99931783,40.73935542
65836,462,W 22 St & 10 Ave,-74.00451887,40.74691959
66666,173,Broadway & W 49 St,-73.9845272898674,40.76068327096592
67529,432,E 7 St & Avenue A,-73.98379855,40.72621788
68702,327,Vesey Pl & River Terrace,-74.01658354,40.7153379
68758,446,W 24 St & 7 Ave,-73.99529885,40.74487634
69156,3660,W 16 St & 8 Ave,-74.001384973526,40.741021509002664
70607,445,E 10 St & Avenue A,-73.98142006,40.72740794
71251,491,E 24 St & Park Ave S,-73.98602213,40.74096374
71899,465,Broadway & W 41 St,-73.98658032,40.75513557
71949,504,1 Ave & E 16 St,-73.98165557,40.73221853
72761,3435,Grand St & Elizabeth St,-73.99596,40.718822
73206,3164,Columbus Ave & W 72 St,-73.97898475,40.7770575
74408,523,W 38 St & 8 Ave,-73.99138152,40.75466591
74589,387,Centre St & Chambers St,-74.0046073,40.71273266
75962,168,W 18 St & 6 Ave,-73.99456405,40.73971301
77474,151,Cleveland Pl & Spring St,-73.99724900722504,40.722103786686034
77929,3263,Cooper Square & Astor Pl,-73.99075269699097,40.72951496224949
79265,492,W 33 St & 7 Ave,-73.99093085,40.75019995
79843,3641,Broadway & W 25 St,-73.98918628692627,40.74286877312112
79945,505,6 Ave & W 33 St,-73.98848395,40.74901271
79994,359,E 47 St & Park Ave,-73.97498696,40.75510267
80522,382,University Pl & E 14 St,-73.99200509,40.73492695
80654,379,W 31 St & 7 Ave,-73.9916,40.749156
80850,229,Great Jones St,-73.99379025,40.72743423
81038,3002,South End Ave & Liberty St,-74.015756,40.711512
81154,459,W 20 St & 11 Ave,-74.007756,40.746745
82353,2006,Central Park S & 6 Ave,-73.97634151,40.76590936
82499,358,Christopher St & Greenwich St,-74.00711384,40.73291553
83239,281,Grand Army Plaza & Central Park S,-73.97371465,40.7643971
85706,368,Carmine St & 6 Ave,-74.00214988,40.73038599
86442,514,12 Ave & W 40 St,-74.00277668,40.76087502
86872,3255,8 Ave & W 31 St,-73.9946848154068,40.7505853470215
88955,293,Lafayette St & E 8 St,-73.99102628231049,40.73020660529954
91531,499,Broadway & W 60 St,-73.98191841,40.76915505
92216,490,8 Ave & W 33 St,-73.993934,40.751551
93800,477,W 41 St & 8 Ave,-73.9900262,40.75640548
99044,426,West St & Chambers St,-74.01322069,40.71754834
99928,285,Broadway & E 14 St,-73.99074142,40.73454567
112874,402,Broadway & E 22 St,-73.98955109,40.7403432
114883,435,W 21 St & 6 Ave,-73.99415556,40.74173969
116195,497,E 17 St & Broadway,-73.99009296,40.73704984
160522,519,Pershing Square North,-73.977706,40.751873
